{"loss": [2.8196706771850586, 2.555366277694702, 2.4893364906311035, 2.4442315101623535, 2.407616376876831], "notes_loss": [2.213650703430176, 2.062770366668701, 2.015136957168579, 1.9836394786834717, 1.9578003883361816], "duration_loss": [0.6060214638710022, 0.492594450712204, 0.474199503660202, 0.4605894088745117, 0.44981348514556885], "notes_accuracy": [0.2583075761795044, 0.31521445512771606, 0.32917702198028564, 0.3401855528354645, 0.3493187427520752], "duration_accuracy": [0.8104431629180908, 0.8454934358596802, 0.8512687683105469, 0.8552738428115845, 0.8583606481552124], "val_loss": [2.769434928894043, 2.741380453109741, 2.690751791000366, 2.688575029373169, 2.66947340965271], "val_notes_loss": [2.1557836532592773, 2.1385302543640137, 2.1107301712036133, 2.101464033126831, 2.0982322692871094], "val_duration_loss": [0.613655686378479, 0.6028559803962708, 0.5800227522850037, 0.5871067047119141, 0.5712370872497559], "val_notes_accuracy": [0.2853317856788635, 0.2985418140888214, 0.3086761236190796, 0.30456045269966125, 0.31321221590042114], "val_duration_accuracy": [0.7991281747817993, 0.8096829056739807, 0.8119841814041138, 0.8073374032974243, 0.8128028512001038]}