{"loss": [2.875033140182495, 2.640861988067627, 2.564133405685425, 2.5025577545166016, 2.451312303543091], "notes_loss": [2.214526891708374, 2.078677177429199, 2.0324389934539795, 1.9949370622634888, 1.961357831954956], "duration_loss": [0.6605125069618225, 0.5621834993362427, 0.5316965579986572, 0.5076166987419128, 0.48995471000671387], "notes_accuracy": [0.24453860521316528, 0.2928544282913208, 0.3072429597377777, 0.32274338603019714, 0.33765745162963867], "duration_accuracy": [0.7935099601745605, 0.8222759366035461, 0.828775942325592, 0.8345180749893188, 0.841355562210083], "val_loss": [2.829926013946533, 2.762392044067383, 2.735261917114258, 2.69637393951416, 2.668954610824585], "val_notes_loss": [2.1245603561401367, 2.0910346508026123, 2.0917630195617676, 2.0751073360443115, 2.0604732036590576], "val_duration_loss": [0.7053698897361755, 0.6713618636131287, 0.6435023546218872, 0.621263861656189, 0.6084837913513184], "val_notes_accuracy": [0.27931317687034607, 0.2957758903503418, 0.3015068769454956, 0.2968822717666626, 0.3005775213241577], "val_duration_accuracy": [0.7733498811721802, 0.7756068706512451, 0.797070324420929, 0.7936848402023315, 0.8055893778800964]}