{"loss": [2.8310368061065674], "notes_loss": [2.211894989013672], "duration_loss": [0.6191433668136597], "notes_accuracy": [0.2573094666004181], "duration_accuracy": [0.8021168112754822], "val_loss": [2.684462547302246], "val_notes_loss": [2.06730580329895], "val_duration_loss": [0.6171582341194153], "val_notes_accuracy": [0.3094554841518402], "val_duration_accuracy": [0.8069770336151123]}